Name,Year,Predicted MVP Shares,Rank
Nikola Jokić,2024,0.8475221079365077,1
Shai Gilgeous-Alexander,2024,0.543104450003462,2
Giannis Antetokounmpo,2024,0.46312640361180524,3
Luka Dončić,2024,0.4322162615703374,4
Jayson Tatum,2024,0.2268814539591232,5
Jalen Brunson,2024,0.17677218164391564,6
Domantas Sabonis,2024,0.1427370512048843,7
Anthony Davis,2024,0.1327110021106724,8
Tyrese Haliburton,2024,0.10914000906530298,9
LeBron James,2024,0.10489001907650033,10
